name,address,latitude,longitude,rating,rating_count,place_id
Restaurant Badhuis,"Willem van Noortplein 19, Utrecht",52.10289119999999,5.123179899999999,4.7,497,ChIJ-7GlQThvxkcRry5RdGrCS1Q
Park Plaza Utrecht,"Westplein 50, Utrecht",52.0915,5.10676,4.1,1648,ChIJVelBf2hvxkcRVl53oabtZ8U
Belgisch Biercafé Olivier Utrecht,"Achter Clarenburg 6a, Utrecht",52.0906327,5.115675800000001,4.5,9008,ChIJ_dlisFxvxkcRA3Fd4GPCQ9Y
La Cubanita Utrecht,"Oudkerkhof 44, Utrecht",52.0920096,5.121766,3.9,1178,ChIJz66NQUVvxkcRKGQ4uY5l-E4
Popocatepetl The Mexican Utrecht,"Nobelstraat 163, Utrecht",52.09295590000001,5.124828000000001,4.0,945,ChIJk9QBok9vxkcRfBgM72BM6YM
Winkel van Sinkel,"Oudegracht 158, Utrecht",52.0919616,5.118717099999999,3.7,4627,ChIJtdR-w0RvxkcRR2dgjwIvt-Q
Restaurant De Markt Utrecht centrum,"Drieharingstraat 27, Utrecht",52.092128,5.115712,4.0,2087,ChIJ2ZSnX11vxkcRX-bSU_t2Ud0
Café Tilt!,"Lange Jufferstraat 62, Utrecht",52.0947714,5.125651199999999,4.2,1361,ChIJUxpJPE9vxkcRWVNtPrw8mJk
El Olivo Happs,"Oudegracht, Oudegracht aan de Werf 73 a, Utrecht",52.0938289,5.1163319,3.5,657,ChIJD0TGaENvxkcRtWbexaqW42U
FAK Utrecht - Restaurant & Sushi Bar,"Drieharingstraat 16, Utrecht",52.0920016,5.115680900000001,4.0,637,ChIJz_BKW0NvxkcRZPY3guPm2iM
Museum Speelklok,"Steenweg 6, Utrecht",52.09082670000001,5.119593699999999,4.5,3715,ChIJi_joKltvxkcRXXh-E9QA1ZU
Restaurant PK bar & kitchen,"Oudegracht 101, 103, Utrecht",52.09259530000001,5.1166668,4.1,2627,ChIJZyMInkRvxkcRInADmcyk2Qc
Café de Zaak,"Korte Minrebroederstraat 9, Utrecht",52.0921093,5.120213,4.4,1750,ChIJnQ8QIkVvxkcRDdVOkzdS_0o
Florin Utrecht,"Nobelstraat 2, Utrecht",52.0932533,5.1240435,4.2,1106,ChIJWXf6gk9vxkcRHTIzf0-2KDs
ACU,"Voorstraat 71, Utrecht",52.09496060000001,5.1219151,4.5,761,ChIJ8bciwEVvxkcRPPnqa9fylnE
Theatercafé The Bastard,"Jansveld 17, Utrecht",52.0940666,5.120056200000001,4.4,497,ChIJy87dUkRvxkcRwlIBi-CTIqQ
Hofman Utrecht,"Janskerkhof 17A, Utrecht",52.0940028,5.1211031,4.1,2318,ChIJwTyrpUVvxkcRhYSw5kjBRG4
Bij Guusjes,"Van 's-Gravesandestraat 27, Utrecht",52.10000530000001,5.121328800000001,4.3,831,ChIJHSweoEdvxkcRJvC-_vujHXg
Hagenouw Eten,"Godebaldkwartier 255, Utrecht",52.0890892,5.1136446,4.3,836,ChIJo0e78VxvxkcRv2h6tMSLSzI
Graaf Floris,"Vismarkt 13, Utrecht",52.0910124,5.120429199999998,4.3,1707,ChIJ8Q-DMkVvxkcR5aRcA_oGkaw
Café Orloff,"Donkere Gaard 8, Utrecht",52.08981619999999,5.1211266,4.3,1304,ChIJY1vPuFpvxkcRkafNW4bNRHo
Theater Kikker,"Ganzenmarkt 14, Utrecht",52.09223900000001,5.119176,4.4,322,ChIJ7z2B50RvxkcRKacBDDZjdPM
Kafé België,"Oudegracht 196, Utrecht",52.0890121,5.1215358,4.5,2824,ChIJW5MOkVpvxkcRDYqgo2pLGBY
Café de Kneus B.V.,"Nobelstraat 303, Utrecht",52.09283079999999,5.1262798,3.2,123,ChIJC359rE9vxkcR3lBbg7j6JJQ
Café Voortuin🍺,"Voorstraat 4, Utrecht",52.0937962,5.118385000000001,4.2,580,ChIJI-ifYERvxkcRMeCHDuLTXhA
Café Weerdzicht🍺,"Oudegracht 1, Utrecht",52.0960844,5.1159053,4.4,283,ChIJ7YJP4UNvxkcRmMa2JtT9NK8
Café 't Oude Pierement🍺,"Willemstraat 10, Utrecht",52.09361139999999,5.113333999999999,4.4,203,ChIJKW1A_kJvxkcRekGWzKZrVfA
Cafe Willem Slok,"Korte Koestraat 2, Utrecht",52.0931902,5.112303300000001,4.4,391,ChIJs3Yn7kJvxkcRl7H0cUCb5Zw
Blij aan de Vecht,"Brugstraat 2, Utrecht",52.1002623,5.1124915,4.4,1054,ChIJB-pbPEBvxkcR4W7UrJBBkv0
't Zusje Utrecht,"Oudegracht 2, Utrecht",52.0961651,5.116442699999999,4.2,1435,ChIJvZEv40NvxkcRqog1PAbBo2I
De Zwarte Vosch Pinchobar & Tapasrestaurant,"Oudegracht 48, Utrecht",52.09505529999999,5.1168578,4.4,1001,ChIJBbYj9UNvxkcR31nlOi_1FW8
The Malt Vault,"Oudegracht 54 A/D Werf, Utrecht",52.0948655,5.116956800000001,4.8,636,ChIJaUrxy0VvxkcRrGmMX78QLSE
Chupitos,"Loeff Berchmakerstraat 10, Utrecht",52.093945,5.1181598,3.6,612,ChIJ73fSZkRvxkcR-4mucVt6X28
't Gras van de Buren,"Lange Jansstraat 16, Utrecht",52.0935894,5.119779199999999,3.7,627,ChIJ_dOZVURvxkcR665d4jK2d0k
Café Vredenburg B.V.🍺,"Vredenburg 39, Utrecht",52.093047,5.1123612,4.2,440,ChIJM_2i70JvxkcRFVsjJ9N-hBQ
Ubica Utrecht,"Ganzenmarkt 24, Utrecht",52.09245869999999,5.119707399999999,4.1,1391,ChIJl9CQ4URvxkcR-rKCyYREvns
Café Het Gegeven Paard,"Vredenburgkade 11, Utrecht",52.0926191,5.112590099999999,4.0,2525,ChIJ76X85kJvxkcRRVMtx5yxX2Y
Beers & Barrels - Utrecht Centrum,"Oudegracht aan de Werf 125, Utrecht",52.0919095,5.1167415,4.3,4010,ChIJM5dFoERvxkcR3qQLcGbrVkk
Café Flater,"Oudegracht 140, Utrecht",52.0918946,5.1176213,4.1,490,ChIJ13zAu0RvxkcRXcAWog8IhHo
Kitchen Bar Danel,"Vredenburgkade 11, Utrecht",52.0921643,5.113111499999999,3.9,1023,ChIJFwAAQFtvxkcR6nkyWuFYW8s
Talud9 Wijnbar,"Donkere Gaard 9, Utrecht",52.0898883,5.120940800000001,4.3,427,ChIJxbLDFFdvxkcRBw2Z30Dn6k0
Teds Utrecht Oudegracht - All Day Food & Drinks,"Lichte Gaard 8, Utrecht",52.09015400000001,5.120723000000001,4.1,1512,ChIJW3IexlpvxkcRof7La1XgteY
Rabarber,"Zadelstraat 20, Utrecht",52.0900019,5.119321600000001,4.6,643,ChIJaRdsJ1tvxkcRiVN5UQdTkKE
Restaurant Seven Utrecht,"Mariaplaats 7, Utrecht",52.0899045,5.117791700000001,4.0,1837,ChIJfeWmQFtvxkcRE6GCUe7uAK4
Jozef eten & drinken,"Mariaplaats 50, Utrecht",52.0894962,5.1182595,4.2,2385,ChIJg0VMFltvxkcRUSMjZOf2xcI
Oproer Biercafé,"Beyaertdreef 5, Utrecht",52.1111792,5.111592399999999,4.3,778,ChIJM7wL0HRvxkcRPw4lb0j0cbw
Bistronome Des Arts,"Lijnmarkt 48, Utrecht",52.08926659999999,5.120959800000001,4.1,228,ChIJoUcx61pvxkcR1pLj8pFMDtQ
Cafe College,"Mariastraat 3, Utrecht",52.0905638,5.1170412,4.3,679,ChIJz2keTltvxkcRKcVkJmMn7b8
Mick O'Connells,"Jansdam 3, Utrecht",52.09254719999999,5.1226417,4.2,2006,ChIJ1fOaZUVvxkcRvx-WJgUtiNg
O'leary's,"Adelaarstraat 23, Utrecht",52.0991202,5.115701500000001,4.5,462,ChIJ-9Mw4kBvxkcREIMw-pucKbE
La Senorita,"Oudegracht aan de Werf 73, Utrecht",52.093899,5.1162789,2.8,320,ChIJVavZ5ERvxkcR9U-whXYnLOo
Springhaver,"Springweg 50, Utrecht",52.0882719,5.119191900000001,4.5,1691,ChIJtVCL_1pvxkcRgNXW7eTXgEw
Wijncafé Lefebvre,"Neude 2, Utrecht",52.0930939,5.119249099999999,4.4,623,ChIJiyyZ8ERvxkcR53Iqkx7R4_w
De Beurs,"Neude 37-39, Utrecht",52.0928754,5.119053999999999,3.8,2032,ChIJgTjP70RvxkcRYyK1YtHqngA
Body Talk,"Oudegracht 64, Utrecht",52.0945955,5.116959800000001,4.6,553,ChIJ903liUNvxkcRywlBnseshVM
Café De Stadsgenoot,"Breedstraat 8, Utrecht",52.09510869999999,5.1185771,4.5,274,ChIJlYy4FURvxkcR9OQjjcjeNCM
Café de Stad,"Lange Jufferstraat 58, Utrecht",52.09468099999999,5.125672400000001,4.6,352,ChIJ9dbrPU9vxkcRpOLAX4XDzI4
Stadskasteel Oudaen - Restaurant en Vergaderlocatie in Utrecht,"Oudegracht 99, Utrecht",52.0928674,5.116690999999999,4.2,1493,ChIJWxOEnURvxkcRvlE0JbI2exI
Poolcafé Hart Van Utrecht,"Ganzenmarkt 16B, Utrecht",52.0923119,5.119416900000001,4.3,1426,ChIJTeNV50RvxkcRxUsn7NVOUSY
't Oude Pothuys,"Oudegracht 279, Utrecht",52.0862031,5.1218857,4.4,1731,ChIJNcZdCFpvxkcR7qsZ-hk6x4c
Miyagi & Jones Utrecht,"Handelskamerstraat 14, Utrecht",52.0867744,5.1062984,4.3,1725,ChIJpeuXJGdvxkcRRejmJoW6kjE
Café DeRat,"Lange Smeestraat 37, Utrecht",52.0859904,5.1205754,4.7,864,ChIJ20DgGFpvxkcRPhs2Qv9679Q
Restaurant Café West,"Vleutenseweg 433, Utrecht",52.0940778,5.093330600000001,4.2,748,ChIJk9sc-nBvxkcRevePBTY69uc
RUIG,"Handelskamerstraat 2, 3521hd, Utrecht",52.08681929999999,5.1065904,4.1,1271,ChIJw_-_OmdvxkcRDrw29VoBUYY
Beers & Barrels - Utrecht Veilinghaven,"Veilinghavenkade 177, Utrecht",52.08238300000001,5.1092038,4.1,2287,ChIJF4sWw19vxkcR2vWO6vwntwc
Safae,"Jan Pieterszoon Coenstraat 58, Utrecht",52.09082660000001,5.097401200000001,4.4,63,ChIJBQvSRWVvxkcRaa7RuR2Mjfk
De Drie Dorstige Herten,"Lange Nieuwstraat 47, Utrecht",52.087324,5.123393999999998,4.7,648,ChIJv5TtkVBvxkcRacysMt12SEo
Dorpsbistro 'Naast De Buren',"Groenekanseweg 168, Groenekan",52.120466,5.161356,4.4,215,ChIJJbfRrNhoxkcRgCA2CbB-s4E
Eetcafé Joos,"Hessenweg 1, De Bilt",52.10592949999999,5.1783041,4.5,495,ChIJSejMJu5oxkcR6NXqLYRQfZ0
Cafetaria De Rooy 🍟,"Planetenbaan 29, Bilthoven",52.1201113,5.1844872,4.3,284,ChIJQx0bgP1oxkcRln-wpoQ6_5Q
Nieuwe Dikke Dries Oost,"Willem de Zwijgerstraat 31, Utrecht",52.087415,5.144533000000001,4.1,108,ChIJ3bebV65oxkcRBGPD44gP4Ec
Science Café Het Proeflokaal,"Padualaan 99, Utrecht",52.0844259,5.1685123,4.5,42,ChIJ4xtw5ptoxkcR2lAHVKmLZm8
Science Café Het7De,"Heidelberglaan 7, Utrecht",52.0844866,5.1740916,4.3,34,ChIJddM5SJtoxkcRKc_JvW3tTFQ
University College Student Association,"Maupertuusplein 1, Utrecht",52.082317,5.148559899999999,4.0,4,ChIJW200oahoxkcRVXpn7lGiAVs
Sportcafé De Heksenketel,"Herculesplein 343, Utrecht",52.077941,5.144833999999999,4.0,88,ChIJHcFikwJmxkcRqNynvhfCzmI
Café Jan Primus,"Jan van Scorelstraat 27-31, Utrecht",52.0863757,5.1445523,4.3,258,ChIJjz4q5a5oxkcRTaMWS-Y3-1Q
Iris van Peppen,"Weg naar Rhijnauwen 3, Utrecht",52.0826434,5.157794600000001,5.0,1,ChIJvVlCCqFoxkcReYqURJL7PBk
Studentencafé Cambridgebar,"Cambridgelaan 901, Utrecht",52.0828212,5.1723664,4.4,137,ChIJF9sbmZxoxkcRCRSPc2Bnc7w
Huize Schelp,"Schelpstraat 14, Utrecht",52.0877151,5.137136100000001,5.0,3,ChIJgQJl6nNpxkcRTEMf0JgYhWE
De Kweekvijver,"Burgemeester Ter Pelkwijklaan 174, Utrecht",52.0802604,5.136205599999998,4.8,55,ChIJgS0CNMtpxkcRBTNTfWYCjp0
Cerveceria Boulevard,"Burgemeester Reigerstraat 45, Utrecht",52.0894376,5.1353749,4.6,779,ChIJPXAbslJvxkcRUFy4pAjHCA8
Science Café HideOut,"Heidelberglaan 15, Utrecht",52.0844841,5.1756036,4.4,104,ChIJTxdyqCNpxkcRbmCz9IqRpbo
Cantina Atletiekbaan Overvecht,"Franciscusdreef 4, Utrecht",52.1216991,5.0859828,4.3,23,ChIJe1fvbrJvxkcRcL_ynSjHeuU
"Bar Kaap | Koffie, Tosti's, Borrel & Bios","Kaap Hoorndreef 66, Utrecht",52.114456,5.105543000000001,4.6,21,ChIJKcWSwH9vxkcRoMKM8oNokHk
The BKRY,"Roelantdreef, Utrecht",52.1140818,5.1110525,4.7,84,ChIJP3Mad7ZvxkcRP6GxtKhZP7k
Brouwerij de Dichter,"Laan van Chartroise 213, Utrecht",52.10781000000001,5.100281900000001,5.0,4,ChIJH1ou5y9vxkcRFJ9yLOIMSqk
De Bee's Hive,"Sweder van Zuylenweg 56, Utrecht",52.1092451,5.089157000000001,5.0,86,ChIJo033LEBvxkcRMcMf5S1z2_U
Boulderhal Sterk,"Koningin Wilhelminalaan 4b, Utrecht",52.0763889,5.1083333,4.5,373,ChIJQ_xDvPRlxkcRRGI5Zi_u8KY
Brewpub De Kromme Haring,"Europalaan 2C, Utrecht",52.0756178,5.1076922,4.7,836,ChIJMawspvRlxkcR5XDymp9-a-g
La sosta,"Van Starkenborghhof 9, Utrecht",52.074065,5.093634799999999,3.9,194,ChIJXdcSXI9lxkcRmMrdShLyfBQ
Babylonn Lounge,"Admiraal Helfrichlaan 62, Utrecht",52.0796639,5.0939757,4.0,13,ChIJGaZX2YdlxkcR2VpgtVLMdaA
"The Team Building - Fusion Drift, Escape rooms, Real Axe Throwing, Nox Room en Social Games","Admiraal Helfrichlaan 6, Utrecht",52.0830133,5.0981348,4.6,1207,ChIJtQzSwE1vxkcRwgHBHx5OrS4
Kantine Utrecht,"In Vechtclub XL, Europalaan 2b, Utrecht",52.075568,5.107379700000001,5.0,24,ChIJH-PBT8tlxkcR6xcD_W7qUF4
Boerderijcafé Eilandsteede | Utrecht Natuurlijk,"Vreugdenhillaan 31, Utrecht",52.0695774,5.1039088,4.1,18,ChIJW_BkAPplxkcRx283x9gWT5Q
De Fabrieksbar,"Everard Meijsterlaan 1b, Utrecht",52.08861419999999,5.090360499999999,5.0,1,ChIJ6U-ACwBvxkcRjoo5kUgAoAc
Skybar Crowsnest,"Croeselaan 301, Utrecht",52.0805234,5.1125286,4.6,11,ChIJNX6e1pNlxkcRqipzMGlc5jY
Uncle Jim,"Croeselaan 91, Utrecht",52.086133,5.107217699999999,4.2,870,ChIJW47b4vdvxkcR9ykfLTFUiJs
Star Lodge Hotels,"Biltsestraatweg 92, Utrecht",52.09836439999999,5.152379899999999,4.1,780,ChIJrbSUN7hoxkcRuw09VXVceB4
Hercules Paviljoen,"Voorveldselaan 2, Utrecht",52.1073027,5.1481552,4.6,5,ChIJYxlE785oxkcRYaugLmRIrPU
Melissa Beauty,"Winklerlaan 365, 15, Utrecht",52.1096348,5.137893200000001,5.0,46,ChIJ6bBZAGRvxkcRpghlDBnIXd0
De Helling,"Helling 7, Utrecht",52.07690479999999,5.1216576,4.5,1353,ChIJU4QsyPllxkcRuVt3rkK4ai8
LE:EN,"Heuveloord 140, Utrecht",52.0751687,5.1214776,4.2,1775,ChIJ0aBbFPhlxkcR3d4t7bAuhRA
Little Berlin,"Helling 22, Utrecht",52.0766435,5.1219286,4.3,670,ChIJ96V2xvllxkcR_SIc40UeuEo
UTTC Tafeltennisvereniging🏓,"Duurstedelaan 14a, Utrecht",52.0647494,5.1203858,4.6,26,ChIJ8ULb2-VlxkcRadnwcf4DfO8
Cafe Brutal,"Heuveloord 25, Utrecht",52.07546680000001,5.120797,4.6,44,ChIJPceK8PllxkcRziVG0Y4hwHE
Hotel ZimmerPas,"Verlengde Hoogravenseweg 152, Utrecht",52.0653436,5.1174658,5.0,1,ChIJlSLjGuplxkcRQJjvLv01QVk
Eleven Bar,"Eendrachtlaan 100, Utrecht",52.06392760000001,5.110774300000001,5.0,13,ChIJn1mMkjBlxkcRxd1DIlDBc6Q
Café Ons Honk🍺,"Jutfaseweg 28, Utrecht",52.07620240000001,5.120503200000002,4.7,44,ChIJYdr43_llxkcRUl-TAc86SyA
Café Biljart Cobus🍺,"Jutfaseweg 27, Utrecht",52.0763833,5.1205081,4.0,52,ChIJE45p3vllxkcRC5fJHRj5h9Q
Taplokaal Gist,"Helling 9, Utrecht",52.0765373,5.121426,4.5,848,ChIJne4yo_llxkcRpUMEA-34gWs
Nostro Bar,"Vondellaan 15a, Utrecht",52.0788424,5.116764499999999,4.7,286,ChIJYdb7OXhlxkcRII-eXWsyIEE
Muggen worden gegeten door vogels🍷,"Gansstraat 24, Utrecht",52.0805305,5.125384399999999,4.9,83,ChIJgeMg3IxvxkcRHIpFGrzVdWM
Eetcafé de Poort Utrecht,"Tolsteegbarrière 2, Utrecht",52.0819312,5.1235275,4.2,1547,ChIJl1hWuldvxkcRaFEI-_PBBYs
Intratuin Utrecht,"Koningsweg 87, Utrecht",52.0754917,5.1368347,4.2,3376,ChIJ--YNHAFmxkcRXis8PAxfOm8
Cafe Lijn 4,"Twijnstraat 3, Utrecht",52.08359819999999,5.123251999999999,4.4,423,ChIJ4XHfEldvxkcR70fjrOIreWk
Rubens Proeflokaal,"Nieuwegracht 197, Utrecht",52.08479789999999,5.127377099999999,4.8,351,ChIJZ51UsFZvxkcRCXS9FdjvKWQ
Stichtse Taveerne,"Twijnstraat 43, Utrecht",52.0828229,5.123321999999999,4.2,542,ChIJ48tsCldvxkcRQNlImP-bjyg
De Morgenster,"Oudegracht 323, Utrecht",52.08497,5.122183000000001,4.4,350,ChIJ-QM-UVdvxkcR_wXqsakke00
Brothers In Law Taphouse - Cafe | Restaurant | Borrel,"Ledig Erf 36, Utrecht",52.0810033,5.1246819,4.5,457,ChIJyatehVRvxkcR41oaRzvxUTk
Café Ledig Erf,"Tolsteegbrug 3, Utrecht",52.0816975,5.123524800000001,4.2,743,ChIJSbWiuVdvxkcR73J839w3-5A
Manners Cocktail Lounge,"Twijnstraat 15, Utrecht",52.0832773,5.123217899999999,4.8,90,ChIJNX3Hu6tvxkcRRn8j2j-UfuE
Papi’s Comfort Kitchen,"Twijnstraat 15, Utrecht",52.0832773,5.123217899999999,4.7,564,ChIJ0XRI4o5vxkcRAu2xcA2NpRk
ZiZo,"Oudegracht 281, Utrecht",52.0861339,5.1219126,4.5,259,ChIJvaoGqFBvxkcRL2GpEprPMNI
Champions Sportsbar & Grill,"Oudegracht 261, Utrecht",52.0868401,5.1215468,4.6,615,ChIJlyrkD2lvxkcRFu_ir2CCRMs
Het Drankentheater,"Jacob Catsstraat, Utrecht",52.0821446,5.112957100000001,3.0,1,ChIJi3IngUFvxkcR3CPGuWINZC4
Veldkampplein,"Lange Nieuwstraat 6, Utrecht",52.08829809999999,5.1230467,4.9,11,ChIJU1kUUo9vxkcRIBRtiEq7GTw
The Fools Cocktail Bar,"Hamburgerstraat 14, Utrecht",52.088583,5.1221806,4.8,163,ChIJjcl2cRFvxkcRp1MRkUcbkLo
Bob,"Springweg 62, Utrecht",52.087872,5.119436500000001,5.0,3,ChIJF4MLHklvxkcRjoceJ9vgkvk
Boerderijcafé Koppelsteede | Utrecht Natuurlijk,"Koppeldijk 115, Utrecht",52.0569755,5.1379243,5.0,26,ChIJKU8DhThnxkcRl-XqJllfsjI
Stadsboerderij Griftsteede | Utrecht Natuurlijk,"Van Swindenstraat 129, Utrecht",52.10182520000001,5.1281458,4.6,599,ChIJs2BPKTZvxkcRZfuo4QNF6AI
Hygge Utrecht,"Goeman Borgesiuslaan 77, Utrecht",52.102944,5.114335,4.4,471,ChIJi6KgDLBvxkcR4O6_iEqkKb4
Sumventure Flightbar,"Willem van Noortstraat 65, Utrecht",52.10126870000001,5.121186300000001,4.9,290,ChIJV0dWO29vxkcRUHjVe822FqQ
Achter de Koekoek,"Willem van Noortstraat 1, Utrecht",52.10039419999999,5.1197096,4.9,159,ChIJ_btRYE5vxkcRXC8D8zbH2D8
Stockholm Café,"Bemuurde Weerd Oostzijde 40, Utrecht",52.09845989999999,5.114391499999999,4.0,67,ChIJyZP_B0FvxkcRS_abHJHns_Q
Café Fokus🍺,"Koekoekstraat 25, Utrecht",52.0982964,5.1202481,4.5,69,ChIJw7cy5UZvxkcRR5Vj8dCAZJY
Café LiffNa - Lunchrestaurant & Eritrese koffie in Utrecht Centrum,"Bemuurde Weerd Oostzijde 36, Utrecht",52.098242,5.114529200000001,4.9,98,ChIJhVIKWABvxkcRW7-K9ZWXPw8
Brouwerij Eleven Zomerbar,"Wolvenplein 27, Utrecht",52.0971941,5.125224300000001,4.4,7,ChIJzYhur0JvxkcR2fy490iO_Bk
Copacabajes,"Wolvenplein 27, Utrecht",52.09728570000001,5.1258776,4.0,1,ChIJc9mReWRvxkcRkzCMbqx92mw
Koken met LeChalet,"Singelstraat 6, Utrecht",52.0966435,5.111284599999999,5.0,2,ChIJ1eP4_qFvxkcRYIcKT-22OOM
S.M knorhaar,"Heringastraat 25, Utrecht",52.103662,5.0984082,2.5,2,ChIJ2R3xTJVvxkcRhZzUKrmLbig
Café Kanaalzicht,"Keulsekade 23, Utrecht",52.0901222,5.0905495,4.5,704,ChIJ2aJdJXpvxkcRYMkSCCIJoSE
Flore V.o.f.,"Keulsekade 23, Utrecht",52.0901219,5.090605,4.0,1,ChIJ2aJdJXpvxkcRz97nC_dW-KM
"De Cocktailfiets, mobiele cocktailbar & cocktailworkshop op locatie","Niasstraat 1, Utrecht",52.09390070000001,5.091992299999999,5.0,12,ChIJxYBpul5vxkcRlNDYcLiSAIg
Mooie Boules Utrecht,"Steenovenweg 1, Utrecht",52.09624969999999,5.0833258,4.5,137,ChIJ2wU0A1VvxkcRnPLgAkqJ81A
Kleine Max,"Jan Pieterszoon Coenstraat 69, Utrecht",52.0910864,5.0975887,4.5,170,ChIJHzgXOuZvxkcRhQsy9rV7h9c
Trapop!,"Hof van Monaco 8, Utrecht",52.09515399999999,5.066952999999999,4.7,107,ChIJE9lx5ClvxkcRBLEY_Vd2Dbw
De Nijverheid Kunstcentrum- Café - Expositie - Culturele Vrijhaven,"Nijverheidskade 15, Utrecht",52.1003377,5.0835733,4.7,618,ChIJkTQ4h3VvxkcRy6jf3s8z09o
climbing wall Utrecht,"Vlampijpstraat 79, Utrecht",52.1046899,5.084818099999999,4.7,243,ChIJJdHjcaBvxkcRQfXScUz3AHw
De Hondekop,"Wisselstraat 7, Utrecht",52.1003511,5.095263999999999,4.4,517,ChIJR1kSYABvxkcReQDS9I_APMI
Longhorn Bar & Grill,"Van Sijpesteijnkade 1, Utrecht",52.0908416,5.106543299999999,4.2,387,ChIJ9XZrISdvxkcRfJrqBcwaeIc
Restaurant Metro City Kitchen,"Jaarbeursplein 15, Utrecht",52.08968710000001,5.107018699999999,4.1,1038,ChIJ91HoHiNvxkcRRqz4PqE9E1E
Boot 122,"Nijverheidskade 12, Utrecht",52.1002741,5.0828726,4.9,151,ChIJ4Qbdl49vxkcR5LaCW0EJ-_Q
MOOS - Utrecht,"Amsterdamsestraatweg 283, Utrecht",52.10185000000001,5.098523600000001,4.5,430,ChIJrekKwBNvxkcR9zzETG8WlsQ
NAR,"Nijverheidsweg 6, Utrecht",52.101214,5.083385199999999,4.5,354,ChIJy6zspLNvxkcRL-U17tgmfGM
the U food & drinks,"Smakkelaarshoek 24, Utrecht",52.0917848,5.1099109,3.7,24,ChIJtW9Ig_VvxkcRZq5oCGFEAeA
The Seafood Bar,"Stationsplein 22, Utrecht",52.0906615,5.1101061,4.7,4273,ChIJ5x3TTl1vxkcRQONbOAi4tSo
Café de Klapstoel,"Oleanderstraat 10BIS, Utrecht",52.10373269999999,5.0928269,5.0,6,ChIJV0QxOgBvxkcRVt76v2XmNZQ
JEU de boules bar Utrecht,"Paardenveld 3, Utrecht",52.09508459999999,5.1111587,4.2,1086,ChIJ19LpZ4ZvxkcRNR9uH8dnkUg
Warmoes,"Vlampijpstraat 94, Utrecht",52.10399930000001,5.087239799999999,4.7,351,ChIJQYygbXhvxkcRvYVYWQHXlUY
Roodnoot,"Oude Vleutenseweg 35, Utrecht",52.0974481,5.0726768,4.6,227,ChIJIWjHFZpvxkcR4YotfkeBSro
Kloek,"Vredenburg 31, Utrecht",52.0931429,5.112901,4.4,970,ChIJLzem5EJvxkcRNCY1YwNAkDg
Koetshuis Café bij Stayokay,"Rhijnauwenselaan 7, Bunnik",52.06915249999999,5.1771195,4.2,124,ChIJmaoJSd5nxkcREcRvZW2qjEI
Boulderhal Energiehaven,"Elektronweg 10A, Utrecht",52.1001312,5.070926399999999,4.8,1420,ChIJP5PkZZdvxkcREyqdfYITL9k
Roemer - wine & food,"Berlijnplein 2, Utrecht",52.0978782,5.068879299999999,4.2,409,ChIJa8VSCd9vxkcRsSYTTHm7Y2k
LOX Leidsche Rijn,"Lissabonpromenade 6, Utrecht",52.09472840000001,5.0654728,4.7,111,ChIJYbXsUfdvxkcRGT08f9GVmek
"Leonidas Utrecht Leidsche Rijn Centrum | Bonbons, Pralines en Chocolade","Parijsboulevard 93a, Utrecht",52.0971318,5.0643818,4.0,40,ChIJmevIckZvxkcRyZklTWiPEhw
"dB's oefenstudio's, concertzaal & muziekcafé","Vlampijpstraat 63, Utrecht",52.1054971,5.0831255,4.6,1509,ChIJ3-mrIXVvxkcRX07pxAxNzg8
Kávos Winebar-Restaurant,"Brusselplein 5, Utrecht",52.0977994,5.0633205,4.5,639,ChIJ5xKy1dVvxkcRxOBl5QDsNX0
Werkspoorkade,Utrecht,52.1049297,5.079225,4.6,29,ChIJ7cLJSzdvxkcROX937UoDY-k
Boulderhal Sterk Spoor 🧗,"Schaverijstraat 52, Utrecht",52.1052019,5.0827544,4.8,185,ChIJd_zKhvxvxkcRifzHtjn6C4U
Racesquare Utrecht,"P3, Hertogswetering 171a, Utrecht",52.10454130000001,5.0593646,4.5,763,ChIJWWS5pBxvxkcRTwsWmNo0QPU
Wok & Noodle Bar,"Nachtegaalstraat 68, Utrecht",52.0917855,5.1316434,4.5,193,ChIJF4Mkvk1vxkcR5ohACfmbpo0
Parnassos Cultural Center,"Kruisstraat 201, Utrecht",52.09420910000001,5.1305584,4.4,439,ChIJwZQiYTZvxkcRVfdi4U02pBM
Dikke Dries,"Oudkerkhof 36, Utrecht",52.0919956,5.121509000000001,3.9,747,ChIJjYdeQEVvxkcRjnFDNngQSoM
Ana's Meze & Mangal,"Voorstraat 62, Utrecht",52.0951642,5.120983799999999,4.6,478,ChIJc3bVyEVvxkcRRTO2zm_FJ6M
De Vrienden Utrecht,"Nobelstraat 8-10, Utrecht",52.0931837,5.1248882,3.6,872,ChIJD0XYoU9vxkcRHecaJ6YVFcs
Café 't Neutje🍺,"Neude 30, Utrecht",52.0926785,5.1185176,4.3,703,ChIJq1ZC7ERvxkcRYrNCaL2830g
Chi Chi - The Golf Venue,"Gageldijk 1, Utrecht",52.1210528,5.1404519,4.4,1077,ChIJjdPo75BvxkcRSkmX7PjiHMg
"Café ""Binnen Best""","Biltstraat 63, Utrecht",52.095102,5.129338,4.5,73,ChIJpyN0sE5vxkcRfXqbcBdi6kA
Café De Potdeksel,"Lucasbolwerk 22, Utrecht",52.0945192,5.125795999999999,4.5,256,ChIJdcpSFk9vxkcR7HH1HR2ctcs
Vascobelo V-Bar Nachtegaalstraat,"Nachtegaalstraat 52, Utrecht",52.0921067,5.1309118,4.2,164,ChIJ4dy9P5RvxkcR80q_c_58ovg
Union Latin Lounge,"Biltstraat 37, Utrecht",52.0950219,5.128207199999999,4.4,93,ChIJjwhoxk5vxkcR-TwNnN0s_oc
Concours Wine & Foodbar,"Biltstraat 23, Utrecht",52.0949199,5.127467999999999,4.7,46,ChIJORfIIQBvxkcRZp_DJm0PAXg
Villa Orloff,"Lucasbolwerk 1, Utrecht",52.09281670000001,5.1265277,4.3,889,ChIJz1Z7XbNvxkcRBNXnMy5dTPA
Beuntjes Feestcafé,"Nobelstraat 243, Utrecht",52.09289270000001,5.1258125,3.3,68,ChIJ7XhIr09vxkcRYu2-IiTANEk
Beuntjes Oase,"Biltstraat 8, Utrecht",52.0952861,5.1269921,3.6,49,ChIJW9M18hxvxkcRrqfLxnhU-Hk
PJAY keuken & bar,"Biltstraat 1, Utrecht",52.09492849999999,5.1267931,4.9,16,ChIJwza6Q9tvxkcR-myWT8gcoHk
GINNY,"Nobelstraat 283, Utrecht",52.0928482,5.1260674,3.8,25,ChIJm1qLZQBvxkcRqmJ325xFWCE
Café 't Pandje,"Nobelstraat 193, Utrecht",52.09295100000001,5.1249422,4.4,299,ChIJVwKLoU9vxkcRp-s_Y8R3cq4
Restobar Vivid,"Nobelstraat 207, Utrecht",52.0929359,5.125024199999999,4.6,163,ChIJjZmtJABvxkcR9Rv4wRdcZ2U
Café Joost,"Achter Sint Pieter 3, Utrecht",52.0918921,5.122746999999999,4.3,215,ChIJR-H2XkVvxkcRVAYqJAacmKg
Kushiin,"Ridderschapstraat 1, Utrecht",52.0951332,5.1248022,4.5,285,ChIJG9E07BZvxkcRqpGebL_swwU
Wijnbar Hemel & Aarde,"Keistraat 8, Utrecht",52.0923618,5.123016699999999,4.3,25,ChIJ6WiOYWJvxkcRfSE82fJKHJ0
Anne&Max Boutique Hotel,"Domstraat 4, Utrecht",52.09161289999999,5.1225128,4.2,91,ChIJMSrJW0VvxkcRbYYY88oeLFg
Ulu Tapas Bar,"Voorstraat 102, Utrecht",52.0952157,5.1229529,4.5,82,ChIJ-2Qq-6lvxkcRSBw3BbshIZI
Restaurant Sevilla,"Korte Jansstraat 5, Utrecht",52.09227780000001,5.122275699999999,4.1,664,ChIJwctF7N5vxkcRuVIVQ6T0SME
Bar Josefien,"Voorstraat 96, Utrecht",52.0952616,5.122760899999999,4.5,102,ChIJFSf22HJvxkcRLaibKibycYc
The Streetfood Club Utrecht,"Janskerkhof 9, Utrecht",52.09299230000001,5.122149200000001,4.2,4230,ChIJEx0UcUVvxkcRG7qyV_JPhrY
Ruby Rose,"Korte Jansstraat 23, Utrecht",52.0928573,5.1220479,4.4,1959,ChIJyY5qNG5vxkcRJ4hapgeZbys
Lebowski,"Domplein 17, Utrecht",52.09066980000001,5.1208959,4.1,2575,ChIJi0Jay1pvxkcRDcw0S5AAuYs
Bar Restaurant Walden,"Domplein 16, Utrecht",52.0908501,5.120775699999998,4.0,590,ChIJha9WM0VvxkcRkgmgY1FKe0o
Badabing,"Domplein 20, Utrecht",52.0906499,5.1208863,3.9,422,ChIJe6UfK45vxkcR3W_lVUNcEGQ
Blue Bar1,"Donkere Gaard 2, Utrecht",52.09004359999999,5.120969999999999,4.6,67,ChIJjwv78NpvxkcRL7wGHeubpZY
"Café ""Marktzicht""","Breedstraat 4, Utrecht",52.095077,5.118361,4.2,488,ChIJ9xqIFERvxkcRmaR8FyvTYQE
Firma Pickles Burgers & Wines,"Drieharingstraat 1, Utrecht",52.092098,5.1162155,4.3,1898,ChIJ8fbCXkNvxkcR1v2ciYKnhdc
Café Kalff,"Oudegracht 47, Utrecht",52.0948977,5.116215399999999,4.5,581,ChIJFzYVjUNvxkcROiPzX3rIWB4
Quignon Kitchen & Bar,"Oudegracht 134, Utrecht",52.0921522,5.117198900000001,4.1,1531,ChIJ76SU9kNvxkcR6fh5434z2V8
Café Van Wegen,"Lange Koestraat 15, Utrecht",52.0936529,5.114276500000001,4.7,123,ChIJvT_JB0NvxkcRceOyGXKnook
Wijnbar VinVin,"Predikherenstraat 19, Utrecht",52.09458919999999,5.118622099999999,4.5,394,ChIJ7XIbQkRvxkcRma9GP3q4cfc
Tuincafé Zuilen | Utrecht Natuurlijk,"Daalseweg 150, Utrecht",52.1238615,5.069283,4.9,22,ChIJ1cR1YOxvxkcRm1UyAfVc46c
vandeStreek Proeflokaal/ Taproom,"Ontariodreef 43, Utrecht",52.12730159999999,5.087077299999999,4.8,74,ChIJJz3d4fpvxkcRcGaveZK4RJU
vandeStreek,"Ontariodreef 43, Utrecht",52.1275108,5.0868868,4.7,123,ChIJe--IrlVuxkcRW_bHOd4rh4I
the Postillon,"Lijnmarkt 50, Utrecht",52.08921259999999,5.1209623,4.1,460,ChIJi5WflFpvxkcRYSzx0ZpvJBk
Sportkantine 't Geintje,"Aert de Gelderhage 7, Nieuwegein",52.0492385,5.082468,5.0,3,ChIJ7XBMFvFlxkcRaS4J0Rs4PMo
